_id,height,is_habit_drink,is_habit_smoke,is_verified,what_to_find,who_to_date,score
0,175,0,0,1,0,0,55.38829481
1,177,0,0,1,0,0,33.7404719
2,175,0,0,1,1,1,52.67590102
3,177,0,0,1,1,0,59.35263621
4,178,0,0,1,2,2,13.22900265
5,151.1908341,1,1,1,2,2,12.45152879
6,175,0,0,1,2,0,15.30319146
7,165,1,1,1,2,0,57.73519701
8,187,1,1,1,0,0,38.76013393
9,176,0,0,1,0,0,56.91408417
10,5.6,0,0,1,3,0,17.72953246
11,156,1,1,1,4,1,42.47583749
12,151.1908341,1,1,1,2,2,7.432567981
13,171,1,0,1,0,0,12.45596793
14,188,1,0,1,3,0,37.2405541
15,163,0,0,1,0,0,16.12330086
16,1,0,1,1,2,2,15.30319146
17,176,0,0,1,2,0,33.67908556
18,90,2,2,1,0,3,15.30319146
19,151.1908341,1,1,1,2,2,11.11670308
20,5.8,1,1,1,0,0,12.45152879
21,172,2,0,1,1,0,15.94699578
22,152,0,0,1,3,2,15.66688985
23,151.1908341,1,0,1,2,1,8.941035615
24,151.1908341,1,1,1,2,2,15.30319146
25,5.8,1,1,1,2,0,18.42642476
26,178,1,0,1,2,0,14.30109881
27,151.1908341,1,1,1,2,2,18.42642476
28,5.7,0,0,1,3,0,18.42642476
29,181,1,0,1,0,0,15.30319146
30,151.1908341,1,0,1,3,1,13.20243847
31,182,2,2,1,4,0,52.51830966
32,151.1908341,1,1,1,2,0,17.95011447
33,167,0,0,1,1,0,17.70488215
34,5.8,2,1,1,3,0,20.10229901
35,151.1908341,1,2,1,3,1,19.25337355
36,151.1908341,0,2,1,4,1,25.07711499
37,151.1908341,1,2,1,2,1,20.03287774
38,151.1908341,1,1,1,1,1,17.35600801
39,151.1908341,1,1,1,4,1,18.97141844
40,151.1908341,0,0,1,0,1,19.3935112
41,151.1908341,1,0,1,3,1,20.85300624
42,151.1908341,2,2,1,1,1,23.04147672
43,151.1908341,2,0,1,0,1,16.71027224
44,151.1908341,1,0,1,3,1,19.3472326
45,151.1908341,1,1,1,3,1,18.29460409
46,151.1908341,0,1,1,1,1,23.67566344
47,151.1908341,2,2,1,0,1,20.97667535
48,151.1908341,0,0,1,1,1,19.56394607
49,151.1908341,1,2,1,2,1,19.13876017
50,151.1908341,1,0,1,1,1,17.09534968
51,151.1908341,0,0,1,0,1,10.80517268
52,151.1908341,1,2,1,1,1,17.77790655
53,151.1908341,2,0,1,0,1,19.31882061
54,151.1908341,0,1,1,1,1,16.81055846
55,151.1908341,1,2,1,3,1,16.11568917
56,151.1908341,1,1,1,0,1,21.48952305
57,151.1908341,1,0,1,2,1,14.31410083
58,151.1908341,2,1,1,2,1,19.34108297
59,151.1908341,2,0,1,0,1,17.40951113
60,151.1908341,2,2,1,2,1,21.12575408
61,151.1908341,1,2,1,3,1,15.70793585
62,151.1908341,0,0,1,4,1,11.41749348
63,151.1908341,1,1,1,3,1,18.1049335
64,151.1908341,1,0,1,2,1,22.7207253
65,151.1908341,2,2,1,0,1,17.19456061
66,151.1908341,2,0,1,2,1,17.87974368
67,151.1908341,0,2,1,3,1,23.63629397
68,151.1908341,0,2,1,2,1,16.71869462
69,151.1908341,2,2,1,1,1,15.39186394
70,151.1908341,1,0,1,1,1,18.63590049
71,151.1908341,0,0,1,3,1,12.43767766
72,151.1908341,1,0,1,0,1,20.61218923
73,151.1908341,2,1,1,0,1,19.69857478
74,151.1908341,2,2,1,1,1,16.91633833
75,151.1908341,1,1,1,1,1,16.85306693
76,151.1908341,0,1,1,1,1,18.97614924
77,151.1908341,0,0,1,1,1,10.75869203
78,151.1908341,1,2,1,0,1,20.23268849
79,151.1908341,2,0,1,2,1,16.81855382
80,151.1908341,0,0,1,1,1,18.36338894
81,151.1908341,0,1,1,4,1,20.50679902
82,151.1908341,0,0,1,1,1,20.67134472
83,151.1908341,1,0,1,4,1,19.4113612
84,151.1908341,2,2,1,4,1,18.80878684
85,151.1908341,2,1,1,0,1,16.03638529
86,151.1908341,1,0,1,1,1,18.36808052
87,151.1908341,0,2,1,3,1,22.0043826
88,151.1908341,0,1,1,4,1,12.04904943
89,151.1908341,2,0,1,4,1,17.50677466
90,169,1,0,1,0,0,34.84731094
91,179,0,0,1,0,0,9.901810164
92,170,1,1,1,3,0,24.19519475
93,165,0,0,1,3,0,42.52155412
94,1.72,1,0,1,0,0,40.43272665
95,172,1,1,1,1,0,15.33351989
96,151.1908341,1,0,1,2,0,0.788539102
97,151.1908341,1,1,1,2,2,15.33351989
98,151.1908341,0,0,1,1,0,11.72446438
99,151.1908341,1,1,1,2,2,15.33351989
100,161,0,0,1,2,2,15.33351989
101,165,0,0,1,1,0,6.864053143
102,168,2,2,1,1,0,12.49112323
103,151.1908341,0,0,1,2,0,48.52192633
104,168,0,0,1,0,0,28.49211384
105,176,1,0,1,3,0,20.28947352
106,151.1908341,0,0,1,3,0,29.66837778
107,166,0,0,1,2,0,15.33351989
108,151.1908341,1,1,1,2,0,15.33351989
109,151.1908341,0,1,1,2,2,15.33351989
110,167,1,0,1,2,1,11.92952916
111,151.1908341,1,0,1,2,0,20.13262744
112,151.1908341,0,0,1,1,1,15.33351989
113,5.6,0,0,1,4,1,11.71208081
114,5.7,1,0,1,3,0,35.19803994
115,172,0,0,1,0,0,15.33351989
116,166,2,1,1,3,0,15.33351989
117,151.1908341,0,1,1,1,0,15.02993303
118,151.1908341,1,1,1,2,1,41.62905768
119,170.68,1,0,1,1,0,20.28947352
120,5.8,0,0,1,2,0,23.10770792
121,170,1,1,1,3,0,17.16240166
122,176,1,0,1,0,0,17.16240166
123,176,1,0,1,0,0,15.92556983
124,151.1908341,0,0,1,0,0,16.10938342
125,151.1908341,1,1,1,2,2,15.33351989
126,178,0,0,1,4,0,16.63659281
127,170,0,0,1,0,0,15.03485867
128,166,0,1,1,3,0,34.79933217
129,151.1908341,0,0,1,1,0,15.92556983
130,171,2,2,1,2,0,25.49348589
131,182,1,0,1,3,0,21.25125029
132,183,2,1,1,0,0,9.044217576
133,183,0,0,1,0,0,7.462896408
134,1.72,0,0,1,3,0,11.71208081
135,173,1,1,1,2,0,28.78040156
136,151.1908341,0,0,1,3,0,21.3884647
137,6,1,0,1,1,0,13.61598628
138,173,0,0,1,1,0,21.95081852
139,151.1908341,1,0,1,1,0,9.559813521
140,151.1908341,0,0,1,0,0,21.38164363
141,100,1,0,1,0,0,15.33351989
142,176,1,1,1,0,0,16.36864975
143,176,0,0,1,2,0,35.43555846
144,182,0,0,1,4,0,15.33351989
145,176,1,2,1,0,0,11.14703151
146,189,1,1,1,0,0,30.83304667
147,178,0,0,1,1,0,21.17797226
148,151.1908341,1,1,1,2,2,15.33351989
149,151.1908341,1,2,1,2,0,22.16233428
150,175.5,1,1,1,0,0,25.33670747
151,169,1,2,1,0,0,16.84342662
152,172,2,0,1,0,0,14.36281214
153,151.1908341,0,0,1,0,0,20.32589988
154,168,1,1,1,0,0,15.33351989
155,151.1908341,1,1,1,2,2,15.33351989
156,180,0,0,1,3,0,21.17797226
157,173,0,0,1,4,0,9.200789313
158,178,1,1,1,2,0,13.59224083
159,180,1,2,1,0,0,15.33351989
160,5,0,0,1,3,1,33.22087649
161,5.5,2,0,1,0,0,9.901810164
162,181,1,2,1,0,0,17.16240166
163,6,0,0,1,0,0,18.42265423
164,160,2,2,1,1,0,24.75327821
165,151.1908341,1,2,1,2,0,18.26158709
166,172,2,0,1,1,0,13.49194301
167,176,1,0,1,0,0,9.969749477
168,170,1,1,1,0,0,21.29665084
169,151.1908341,1,2,1,2,1,10.45900345
170,150,0,0,1,1,1,14.28046471
171,170,0,0,1,2,0,15.33351989
172,164,0,0,1,1,0,44.66400677
173,178,1,1,1,4,0,31.19906436
174,177,0,0,1,2,0,37.99671045
175,151.1908341,1,1,1,2,2,15.33351989
176,168,1,0,1,3,0,12.18012793
177,151.1908341,1,0,1,1,0,11.66693863
178,165,1,0,1,3,0,64.65393467
179,151.1908341,0,0,1,1,0,17.16240166
180,174,1,0,1,0,0,13.07015737
181,174,1,0,1,2,0,24.48573502
182,151.1908341,1,1,1,2,2,15.33351989
183,170,1,0,1,0,0,18.45675318
184,167,0,0,1,2,1,17.71712403
185,184,1,0,1,1,0,11.14703151
186,5.7,0,1,1,3,0,24.94509644
187,5.8,1,0,1,0,0,8.599914298
188,170,1,1,1,3,0,5.345174633
189,166,0,0,1,0,0,43.7260979
190,170,2,0,1,0,0,13.07015737
191,151.1908341,1,1,1,2,2,15.33351989
192,151.1908341,0,0,1,2,0,15.33351989
193,178,0,0,1,2,0,16.07940025
194,151.1908341,1,1,1,2,2,15.33351989
195,167,0,0,1,2,0,31.14003657
196,168,2,2,1,3,0,36.96158059
197,146,0,0,1,2,2,11.71208081
198,151.1908341,1,1,1,2,2,15.33351989
199,162,1,1,1,1,0,29.2515531
200,190,1,2,1,0,0,9.867820622
201,151.1908341,0,0,1,4,1,15.33351989
202,151.1908341,0,0,1,2,1,10.95861843
203,170,0,0,1,1,0,25.33003336
204,172.72,1,1,1,1,0,49.24965529
205,152.4,1,0,1,3,2,11.29159785
206,166,0,0,1,0,0,41.76068814
207,151.1908341,1,1,1,2,2,15.33351989
208,151.1908341,0,0,1,1,0,17.16240166
209,151.1908341,1,0,1,0,0,33.46988199
210,156,1,0,1,0,0,17.16240166
211,178,0,0,1,1,0,17.16240166
212,151.1908341,1,1,1,2,2,15.33351989
213,185,1,1,1,3,0,15.33351989
214,151.1908341,1,1,1,2,2,15.33351989
215,151.1908341,2,2,1,0,0,17.17243501
216,5.5,2,0,1,4,0,12.48185722
217,151.1908341,0,0,1,1,1,12.25391487
218,170,1,0,1,0,0,16.56047296
219,162,0,2,1,4,0,14.45844569
220,156,0,0,1,1,0,14.31115612
221,151.1908341,0,0,1,3,1,15.33351989
222,170,0,0,1,3,0,15.67388872
223,200,0,0,1,2,0,15.33351989
224,5.5,0,0,1,0,1,14.3213573
225,182,0,2,1,0,0,23.89064244
226,151.1908341,0,0,1,0,1,9.609560491
227,151.1908341,0,2,1,2,0,10.80007506
228,151.1908341,1,0,1,2,0,15.50877012
229,151.1908341,1,1,1,2,2,15.33351989
230,151.1908341,0,0,1,3,1,21.80779153
231,165,2,2,1,3,0,38.18853366
232,172,1,1,1,2,0,32.00111622
233,174,1,0,1,0,0,17.17243501
234,177,0,0,1,4,0,12.06500168
235,176,1,0,1,3,0,12.3257478
236,178,1,1,1,2,0,12.68757497
237,174,1,1,1,1,0,32.00111622
238,172.72,1,0,1,1,0,12.81880966
239,151.1908341,1,1,1,2,2,15.33351989
240,170,0,0,1,2,0,18.99575346
241,178,1,1,1,1,0,10.2669492
242,162,0,0,1,3,0,7.462896408
243,178,0,2,1,2,0,10.80007506
244,151.1908341,0,0,1,0,1,14.92523003
245,170,1,0,1,0,0,34.36843219
246,166,1,0,1,2,0,39.88964779
247,151.1908341,1,1,1,2,0,22.17084627
248,151.1908341,0,0,1,1,0,15.72497326
249,151.1908341,1,1,1,2,2,15.33351989
250,5.5,1,0,1,3,0,10.37305552
251,151.1908341,1,1,1,2,2,15.33351989
252,167,0,0,1,0,0,39.31860675
253,151.1908341,1,2,1,0,0,15.33351989
254,151.1908341,1,1,1,2,2,15.33351989
255,151.1908341,1,1,1,2,2,15.33351989
256,173,1,1,1,0,0,10.80007506
257,178,2,0,1,2,0,16.15362929
258,5.9,0,1,1,0,0,21.99431281
259,160,1,0,1,2,0,11.44795307
260,176,0,0,1,3,0,15.33351989
261,182,0,0,1,2,0,20.28947352
262,151.1908341,0,0,1,3,0,13.59224083
263,170,2,2,1,0,0,17.17243501
264,151.1908341,0,0,1,3,0,22.79482419
265,168,1,1,1,4,0,18.01929892
266,5.6,0,1,1,3,0,10.71462252
267,151.1908341,0,0,1,4,2,15.49100946
268,167,0,0,1,1,0,13.07015737
269,151.1908341,1,1,1,2,2,15.33351989
270,151.1908341,1,1,1,1,0,35.31763546
271,6,2,1,1,0,1,9.867820622
272,180,1,2,1,0,0,7.416372601
273,151.1908341,1,1,1,2,2,15.33351989
274,167,1,1,1,4,0,4.994664207
275,180,0,0,1,3,2,15.33351989
276,173,1,0,1,2,0,15.33351989
277,178,1,1,1,2,0,44.77324329
278,151.1908341,1,0,1,0,1,15.33351989
279,182.88,0,0,1,0,0,11.0399035
280,168,1,1,1,2,0,29.54434737
281,186,0,0,1,2,0,34.25560803
282,6,0,0,1,0,0,14.36281214
283,151.1908341,1,1,1,2,2,15.33351989
284,5.6,1,0,1,0,0,14.22082923
285,170,1,0,1,2,0,15.33351989
286,151.1908341,0,0,1,1,0,15.64482318
287,182,1,0,1,0,0,10.8470214
288,167,0,0,1,0,0,36.96158059
289,162,0,0,1,3,0,32.34268322
290,151.1908341,1,1,1,2,2,15.33351989
291,172,2,2,1,0,0,15.19248595
292,151.1908341,1,0,1,3,0,15.33351989
293,5.6,1,0,1,1,0,15.33351989
294,167,1,1,1,3,0,32.40507646
295,182,0,0,1,3,0,11.94102304
296,151.1908341,0,0,1,1,0,35.99087284
297,151.1908341,0,1,1,0,0,16.4892279
298,5,1,1,1,0,0,15.33351989
299,170,1,0,1,1,0,15.33351989
300,172,0,0,1,1,0,39.71556123
301,151.1908341,1,1,1,2,2,15.33351989
302,151.1908341,1,1,1,2,2,15.33351989
303,183,1,1,1,2,0,7.623492398
304,151.1908341,0,0,1,1,0,12.48185722
305,176,1,0,1,3,0,15.33351989
306,151.1908341,1,0,1,2,0,12.48185722
307,151.1908341,0,0,1,2,1,15.33351989
308,183,0,0,1,1,0,39.39505164
309,5.6,1,0,1,3,0,14.5304
310,5.7,1,1,1,0,0,20.26054484
311,150,0,0,1,3,0,11.14703151
312,167.64,1,0,1,2,0,12.96777067
313,180,2,2,1,2,0,39.14520532
314,151.1908341,1,1,1,3,0,15.33351989
315,176,1,1,1,0,0,12.48185722
316,168,0,0,1,0,0,15.33351989
317,151.1908341,0,0,1,4,2,14.33142723
318,182.4,0,0,1,2,0,17.16240166
319,151.1908341,1,1,1,2,0,16.88955264
320,178,1,0,1,0,0,35.42034431
321,160,0,1,1,0,1,9.731571874
322,151.1908341,0,1,1,1,1,4.157140946
323,151.1908341,1,1,1,2,2,15.33351989
324,151.1908341,1,1,1,2,2,15.33351989
325,5.2,1,1,1,3,1,15.00371005
326,179,1,1,1,2,0,35.19803994
327,162,1,0,1,3,0,39.40545839
328,177.8,1,0,1,1,0,10.8470214
329,176,2,2,1,3,0,15.33351989
330,151.1908341,1,1,1,2,2,15.33351989
331,151.1908341,1,1,1,2,2,15.33351989
332,175,1,1,1,1,0,52.67241757
333,168,1,1,1,3,0,37.11907016
334,172,1,0,1,1,0,14.45844569
335,151.1908341,1,1,1,2,2,15.33351989
336,511,1,1,1,0,0,15.77426129
337,166,1,1,1,4,0,32.77509221
338,151.1908341,1,1,1,2,2,15.33351989
339,151.1908341,2,2,1,0,0,17.17243501
340,176,1,1,1,1,0,15.19248595
341,160,0,0,1,1,0,13.72890978
342,151.1908341,1,1,1,2,2,15.33351989
343,151.1908341,1,1,1,2,2,15.33351989
344,175,0,0,1,1,0,15.33351989
345,166,0,0,1,1,0,11.71208081
346,182,0,0,1,2,0,15.33351989
347,151.1908341,1,0,1,3,0,9.559813521
348,151.1908341,1,1,1,2,2,15.33351989
349,151.1908341,0,0,1,3,1,9.640567706
350,181,1,2,1,1,0,14.75647286
351,151.1908341,1,1,1,2,2,14.5602108
352,165,1,1,1,2,0,9.001948592
353,176,0,0,1,3,0,12.65380654
354,165,1,0,1,4,1,13.53057737
355,180,1,1,1,0,0,11.14703151
356,176,0,1,1,2,0,34.28186724
357,166,0,0,1,1,0,15.33351989
358,167,2,2,1,1,0,14.36281214
359,183,1,0,1,4,0,13.07015737
360,156,0,0,1,2,2,15.33351989
361,5.4,0,0,1,0,0,9.901810164
362,911,1,1,1,0,0,9.370936282
363,151.1908341,0,2,1,0,0,15.33351989
364,151.1908341,1,0,1,2,0,14.36281214
365,151.1908341,1,2,1,1,0,0.788539102
366,151.1908341,1,1,1,2,2,15.33351989
367,170,0,0,1,3,0,6.525784264
368,156,2,0,1,3,1,3.196850974
369,151.1908341,0,0,1,2,0,15.33351989
370,151.1908341,1,1,1,2,2,15.33351989
371,181,0,0,1,1,0,10.80007506
372,180,1,2,1,2,0,9.512063239
373,151.1908341,0,0,1,2,1,15.33351989
374,176,1,1,1,0,0,20.09066918
375,151.1908341,1,1,1,2,2,15.33351989
376,162,0,0,1,1,1,15.33351989
377,151.1908341,0,0,1,3,0,13.59224083
378,168,1,1,1,2,0,11.84654816
379,6,0,1,1,3,0,10.77701576
380,1.7,0,0,1,3,1,10.37305552
381,180,1,1,1,2,0,28.24397527
382,5.5,1,0,1,0,0,15.33351989
383,151.1908341,0,1,1,2,0,15.33351989
384,168,1,2,1,2,0,6.625557532
385,151.1908341,1,0,1,4,2,10.5337046
386,151.1908341,1,1,1,2,2,15.33351989
387,170,0,0,1,2,0,10.51077844
388,180,0,0,1,4,0,15.33351989
389,5.7,0,0,1,1,0,8.323742218
390,151.1908341,0,0,1,1,0,9.969749477
391,173,2,1,1,1,0,12.06058847
392,151.1908341,1,2,1,4,0,7.462896408
393,151.1908341,1,2,1,2,0,9.826781044
394,151.1908341,1,1,1,2,2,15.33351989
395,5.5,1,0,1,4,1,20.00831915
396,151.1908341,0,0,1,1,0,11.84182129
397,178,2,2,1,1,0,15.33351989
398,151.1908341,1,0,1,1,0,3.392330834
399,182,2,2,1,4,0,22.80558819
400,168,1,1,1,2,0,18.26158709
401,160,0,0,1,3,0,58.75205519
402,151.1908341,1,1,1,2,2,15.33351989
403,151.1908341,1,1,1,2,2,15.33351989
404,150,0,0,1,3,2,40.53305628
405,160,0,1,1,4,2,37.30561419
406,180,2,0,1,3,0,9.384012757
407,151.1908341,1,1,1,2,2,15.33351989
408,151.1908341,1,1,1,2,2,15.33351989
409,5.8,0,2,1,3,0,14.24907561
410,162,1,1,1,0,0,11.71208081
411,170,1,0,1,0,0,9.901810164
412,175,1,1,1,2,0,10.37305552
413,156,0,1,1,2,0,15.33351989
414,151.1908341,1,1,1,2,2,15.33351989
415,151.1908341,1,1,1,2,0,11.42068867
416,151.1908341,1,1,1,2,2,15.33351989
417,151.1908341,0,1,1,4,0,13.56997924
418,151.1908341,1,0,1,2,1,7.513611561
419,151.1908341,1,1,1,2,2,15.33351989
420,168,1,2,1,2,1,10.79852887
421,172,0,0,1,1,0,15.33351989
422,166,1,1,1,2,0,14.5304
423,175,2,2,1,0,0,12.3257478
424,73,0,0,1,0,0,5.996122566
425,151.1908341,1,1,1,2,2,15.33351989
426,156,1,1,1,2,2,10.58556566
427,151.1908341,1,1,1,2,2,15.33351989
428,169,0,0,1,1,2,3.066856867
429,186,2,0,1,1,0,11.50201472
430,151.1908341,1,0,1,1,0,12.9817513
431,151.1908341,1,1,1,2,2,15.33351989
432,169,0,0,1,2,2,4.838881796
433,151.1908341,0,0,1,0,0,15.33351989
434,151.1908341,0,2,1,4,0,9.295349454
435,151.1908341,0,0,1,1,0,15.33351989
436,165,0,0,1,0,2,10.07080313
437,151.1908341,1,1,1,2,2,15.33351989
438,174,1,0,1,2,0,24.19482596
439,160,1,0,1,0,0,9.044217576
440,170,1,1,1,0,0,20.31329148
441,190,1,1,1,2,0,15.36637569
442,175,1,1,1,1,0,39.30930505
443,170,0,0,1,2,0,10.93515473
444,160,1,0,1,1,1,15.36637569
445,151.1908341,0,0,1,0,0,15.36637569
446,170,2,2,1,0,0,48.82932961
447,5.5,0,0,1,1,0,9.93466596
448,178,1,0,1,1,0,15.36637569
449,151.1908341,0,0,1,0,0,12.68666234
450,161.544,0,0,1,1,1,16.77108281
451,151.1908341,0,0,1,0,0,7.656348194
452,151.1908341,2,2,1,0,0,29.70995833
453,151.1908341,2,0,1,3,0,13.57298372
454,151.1908341,1,1,1,2,0,35.87404437
455,151.1908341,1,1,1,2,2,15.36637569
456,151.1908341,1,1,1,1,0,35.88174573
457,164.592,0,0,1,3,0,14.7775238
458,151.1908341,1,0,1,4,0,9.544919034
459,185,0,0,1,4,0,22.23809492
460,151.1908341,1,1,1,0,0,14.36428303
461,151.1908341,1,1,1,2,2,15.36637569
462,180,0,0,1,2,0,31.41670627
463,159,0,1,1,2,0,14.11309894
464,175,1,1,1,1,0,11.53826494
465,175,1,0,1,3,0,3.625478301
466,5.5,0,0,1,3,0,33.98666429
467,151.1908341,0,0,1,0,0,13.52479881
468,176,0,0,1,4,0,18.11407506
469,177,0,0,1,0,0,6.896908939
470,151.1908341,1,1,1,2,2,15.36637569
471,167,1,1,1,0,0,0.821394897
472,160,0,0,1,0,0,15.36637569
473,165,0,0,1,1,0,34.18821342
474,151.1908341,2,1,1,2,0,2.478353272
475,165,0,1,1,0,0,11.28314685
476,170,1,1,1,1,0,25.79078672
477,151.1908341,1,1,1,2,2,15.36637569
478,182,1,0,1,0,0,27.00609113
479,173,0,0,1,0,0,22.4494556
480,170,0,0,1,2,0,21.86506496
481,151.1908341,1,1,1,2,2,15.36637569
482,151.1908341,1,1,1,2,2,15.36637569
483,180,2,2,1,0,0,15.36637569
484,165,0,1,1,2,0,7.495752204
485,181,0,0,1,2,0,8.67367553
486,172,1,2,1,2,0,15.36637569
487,5.7,1,0,1,1,1,15.36637569
488,183,1,1,1,3,0,28.80881347
489,151.1908341,0,2,1,3,0,15.36637569
490,151.1908341,0,0,1,1,0,15.36637569
491,167,0,0,1,3,0,5.378030429
492,151.1908341,0,0,1,1,0,3.099712663
493,151.1908341,1,1,1,2,2,15.36637569
494,178,0,0,1,0,0,15.36637569
495,175.6,0,0,1,2,0,32.50793789
496,166,0,0,1,3,0,9.592669317
497,151.1908341,1,1,1,2,2,15.36637569
498,180,1,2,1,2,0,24.46127321
499,5.3,1,1,1,0,0,15.36637569
500,171,0,0,1,1,0,10.40591131
501,5.9,0,2,1,3,0,4.135311647
502,5.6,1,0,1,0,0,7.681752882
503,151.1908341,1,1,1,2,2,15.36637569
504,151.1908341,2,1,1,1,0,29.1238129
505,151.1908341,1,1,1,2,2,15.36637569
506,5.5,0,0,1,0,0,22.64781115
507,151.1908341,2,0,1,0,0,6.028978362
508,160,0,0,1,1,0,9.592669317
509,165,1,1,1,3,2,27.95273618
510,186,1,1,1,2,0,22.4494556
511,151.1908341,2,0,1,0,0,24.95427399
512,175,0,0,1,1,0,10.70597578
513,151.1908341,0,0,1,1,0,9.900676417
514,151.1908341,0,0,1,1,0,7.495752204
515,151.1908341,1,1,1,2,2,15.36637569
516,5.85,0,0,1,1,0,4.466703322
517,151.1908341,1,1,1,2,2,15.36637569
518,151.1908341,0,2,1,2,0,15.36637569
519,151.1908341,0,0,1,2,1,10.17452296
520,171,1,2,1,2,0,8.915052962
521,151.1908341,1,1,1,0,0,32.15331053
522,180,0,0,1,2,0,2.123290763
523,158,1,1,1,4,1,32.42832412
524,175,1,1,1,4,0,12.09344427
525,165,1,1,1,0,0,0.821394897
526,162,1,0,1,1,0,10.87987719
527,180,1,1,1,0,0,11.17988731
528,151.1908341,1,1,1,2,2,15.36637569
529,155,2,2,1,4,2,15.36637569
530,156,1,0,1,2,1,15.36637569
531,151.1908341,2,0,1,1,0,15.36637569
532,150,0,0,1,0,0,29.02948035
533,151.1908341,1,1,1,2,2,15.36637569
534,5.6,0,0,1,2,0,7.495752204
535,5.7,0,0,1,1,0,8.434260416
536,183,1,1,1,4,0,6.761731489
537,182.88,1,1,1,0,0,25.1288032
538,165,1,2,1,1,0,34.73283953
539,154,1,0,1,2,1,15.36637569
540,151.1908341,1,0,1,3,2,15.35959692
541,151.1908341,1,0,1,3,0,9.70859019
542,175,1,1,1,1,0,7.495752204
543,172,0,0,1,3,0,10.87987719
544,151.1908341,1,1,1,2,2,15.36637569
545,159,1,1,1,2,0,15.36637569
546,175,1,0,1,1,0,25.48721262
547,170,0,0,1,2,0,0.821394897
548,178,1,0,1,0,0,30.13506764
549,151.1908341,0,0,1,3,0,8.502465895
550,6.1,0,0,1,0,0,8.581361877
551,151.1908341,1,1,1,2,2,15.36637569
552,151.1908341,1,1,1,2,2,15.36637569
553,177,1,1,1,1,0,29.1238129
554,164,0,0,1,1,1,15.36637569
555,151.1908341,1,1,1,2,0,7.495752204
556,174,0,0,1,3,0,4.135311647
557,151.1908341,1,0,1,1,0,23.8514973
558,151.1908341,1,1,1,2,2,15.36637569
559,5.6,0,0,1,1,0,15.36637569
560,151.1908341,1,1,1,2,2,15.36637569
561,151.1908341,0,2,1,1,0,7.495752204
562,151.1908341,1,1,1,2,2,15.36637569
563,151.1908341,0,0,1,1,1,10.71549024
564,151.1908341,0,2,1,2,1,6.23942448
565,165,0,0,1,1,0,46.88197875
566,170,1,1,1,2,0,29.1238129
567,162,0,0,1,1,0,15.36637569
568,178,0,0,1,1,0,7.495752204
569,151.1908341,0,0,1,2,2,18.29444288
570,170,0,0,1,3,0,8.581361877
571,170,0,0,1,1,0,7.316708773
572,173,1,0,1,0,0,15.36637569
573,180.34,0,1,1,1,0,3.859151918
574,151.1908341,0,0,1,4,0,15.36637569
575,151.1908341,1,1,1,0,0,3.859151918
576,173,1,0,1,0,0,25.253539
577,162,1,2,1,4,0,5.378030429
578,175,0,1,1,0,0,2.036497706
579,151.1908341,0,0,1,2,0,4.466703322
580,173,1,2,1,2,0,7.495752204
581,165,0,0,1,3,0,6.61328681
582,151.1908341,1,1,1,2,2,15.36637569
583,5.6,1,2,1,3,0,7.495752204
584,171,1,0,1,2,0,15.36637569
585,170,1,0,1,3,0,5.378030429
586,166,0,0,1,2,0,0.821394897
587,172,2,2,1,3,0,4.135311647
588,151.1908341,0,0,1,3,2,15.36637569
589,180,1,0,1,1,0,45.15790437
590,5.5,0,0,1,3,0,43.66628957
591,151.1908341,0,0,1,2,0,8.915052962
592,151.1908341,2,2,1,0,0,10.40591131
593,179,1,1,1,2,1,10.96685007
594,151.1908341,1,1,1,2,2,15.36637569
595,5.3,1,1,1,1,0,23.75135146
596,151.1908341,1,0,1,3,0,3.425186629
597,151.1908341,1,1,1,2,2,15.36637569
598,151.1908341,1,1,1,2,2,15.36637569
599,164,0,2,1,4,0,22.4494556
600,151.1908341,1,1,1,2,2,15.36637569
601,151.1908341,1,0,1,2,0,4.135311647
602,177,1,0,1,2,0,24.47462694
603,151.1908341,0,0,1,3,0,15.36637569
604,151.1908341,0,1,1,1,0,15.36637569
605,165.1,1,1,1,2,0,25.86693225
606,151.1908341,1,1,1,2,2,15.36637569
607,151.1908341,1,1,1,0,0,26.20780569
608,170,1,1,1,4,0,12.5689916
609,151.1908341,1,1,1,2,2,15.36637569
610,176,1,1,1,0,0,4.466703322
611,182.88,0,0,1,1,0,23.20889485
612,170,2,0,1,0,0,1.893544434
613,180.34,0,1,1,1,0,12.35860359
614,155.7528,1,1,1,1,0,0.821394897
615,181,1,0,1,2,0,11.40028718
616,180,0,0,1,0,0,8.322266677
617,184,2,2,1,1,0,3.251600514
618,165,0,0,1,2,0,43.66577568
619,151.1908341,0,0,1,0,0,1.96055378
620,170,1,1,1,0,0,5.713292745
621,151.1908341,0,0,1,2,0,15.36637569
622,176,0,0,1,1,0,25.25672964
623,151.1908341,2,0,1,0,0,4.135311647
624,170,1,1,1,2,0,15.36637569
625,151.1908341,1,1,1,2,2,15.36637569
626,151.1908341,1,1,1,2,2,15.36637569
627,176,2,2,1,2,2,23.0316954
628,178,2,0,1,1,0,2.259149421
629,151.1908341,1,1,1,2,2,15.40208851
630,151.1908341,2,0,1,1,0,15.40208851
631,151.1908341,1,1,1,2,2,15.40208851
632,180,1,0,1,3,2,15.40208851
633,160,0,0,1,4,1,31.3334101
634,151.1908341,1,1,1,2,0,15.40208851
635,175,1,1,1,0,0,27.72568659
636,183,0,0,1,2,0,4.502416144
637,151.1908341,1,1,1,2,2,15.40208851
638,172,1,1,1,1,0,3.287313336
639,167.64,0,0,1,4,0,43.39391577
640,151.1908341,1,1,1,2,2,15.40208851
641,174,0,0,1,3,0,4.536825922
642,168,0,0,1,1,0,7.531465025
643,165,1,1,1,2,2,7.531465025
644,151.1908341,1,1,1,2,2,15.40208851
645,151.1908341,1,1,1,2,2,15.40208851
646,157,1,1,1,2,1,12.88030843
647,151.1908341,0,0,1,3,0,8.357979499
648,151.1908341,1,1,1,2,2,15.40208851
649,175,0,0,1,1,0,8.198728248
650,170,0,0,1,4,1,11.15189904
651,175,2,2,1,1,0,15.40208851
652,5.11,1,2,1,1,0,29.32908461
653,173,0,0,1,3,0,0.857107719
654,151.1908341,1,1,1,2,2,15.40208851
655,183,1,0,1,2,0,1.996266602
656,177,0,0,1,2,0,8.538178717
657,183,0,0,1,3,0,22.48516842
658,5.1,0,0,1,2,0,22.48516842
659,173,0,2,1,1,0,24.39736807
660,151.1908341,0,0,1,3,0,0.857107719
661,173,0,0,1,2,0,3.89486474
662,5.9,2,0,1,0,0,8.41042327
663,170,2,1,1,1,0,13.4846809
664,151.1908341,1,1,1,2,2,15.40208851
665,170,1,0,1,0,0,26.24262024
666,151.1908341,2,2,1,0,0,27.05262007
667,157,1,0,1,2,0,15.40208851
668,5.1,2,2,1,0,1,8.538178717
669,5.9,2,2,1,4,0,0.857107719
670,151.1908341,1,1,1,2,0,33.35917158
671,5.59,0,0,1,3,0,29.8493191
672,180,1,1,1,2,0,3.89486474
673,151.1908341,0,0,1,1,0,4.171024469
674,6,0,0,1,4,0,9.027401793
675,183,1,0,1,2,0,7.531465025
676,151.1908341,1,1,1,3,0,15.40208851
677,151.1908341,1,0,1,2,1,14.19250405
678,151.1908341,1,1,1,4,2,15.40208851
679,151.1908341,0,0,1,2,0,15.40208851
680,174,1,0,1,0,0,15.40208851
681,151.1908341,1,1,1,4,0,8.469973238
682,182.25,2,2,1,1,0,7.531465025
683,170.68,1,1,1,0,0,2.514066094
684,180,2,0,1,3,0,15.40208851
685,5.3,0,0,1,3,0,15.40208851
686,170,1,1,1,1,0,26.68997787
687,72,0,0,1,3,0,27.20187157
688,165,0,0,1,4,1,12.33011718
689,163,0,0,1,0,0,7.531465025
690,171,0,0,1,0,0,4.762795317
691,151.1908341,0,0,1,0,0,15.40208851
692,160,0,0,1,1,0,0.857107719
693,175,1,2,1,0,0,3.460899451
694,160,2,2,1,4,0,12.12915709
695,157,2,2,1,1,1,6.436661431
696,160,0,0,1,1,1,11.29242382
697,157,1,1,1,2,1,27.79090813
698,151.1908341,0,0,1,3,1,15.40208851
699,151.1908341,1,0,1,2,0,8.469973238
700,172,0,0,1,1,0,3.135425485
701,156,0,0,1,1,1,10.70629881
702,180,1,1,1,0,0,6.202948531
703,175,1,1,1,1,0,51.37398225
704,151.1908341,1,0,1,1,0,3.135425485
705,155,2,2,1,0,2,13.81261756
706,151.1908341,1,1,1,4,2,26.46750256
707,151.1908341,1,1,1,0,0,15.40208851
708,178,1,1,1,2,0,44.51977374
709,160,1,2,1,0,2,4.39160665
710,182,0,0,1,2,0,4.171024469
711,167,2,1,1,1,0,8.617074699
712,151.1908341,1,1,1,2,2,15.40208851
713,151.1908341,2,0,1,2,2,15.21547727
714,151.1908341,1,1,1,2,2,15.40208851
715,160,0,0,1,2,1,11.67569368
716,151.1908341,0,0,1,0,0,4.171024469
717,151.1908341,1,1,1,2,2,15.40208851
718,172,1,2,1,0,0,9.112786194
719,151.1908341,1,1,1,2,2,15.40208851
720,182,1,0,1,2,0,0.857107719
721,172,2,2,1,2,0,2.375986229
722,5.4,1,0,1,1,0,25.79908517
723,180,2,2,1,1,0,33.35487985
724,151.1908341,1,1,1,2,2,15.40208851
725,151.1908341,1,1,1,2,2,15.40208851
726,160,1,2,1,2,2,11.31113101
727,151.1908341,1,1,1,2,2,15.40208851
728,151.1908341,1,1,1,2,2,15.40208851
729,182,0,0,1,2,0,1.768434825
730,178,1,1,1,4,0,43.47975624
731,179,0,0,1,2,0,15.40208851
732,168,0,0,1,3,0,9.628382139
733,162,0,0,1,1,0,23.22856454
734,151.1908341,1,1,1,2,2,15.40208851
735,151.1908341,1,0,1,0,0,30.59611338
736,183,1,1,1,0,0,32.00588803
737,151.1908341,0,0,1,1,0,0.857107719
738,171,0,0,1,1,0,15.40208851
739,168,0,0,1,1,0,50.63389519
740,167,1,0,1,0,0,19.4560181
741,151.1908341,1,1,1,1,0,7.251490546
742,173,1,0,1,2,0,24.75333802
743,180,1,0,1,3,0,50.2362405
744,151.1908341,2,2,1,1,0,2.035226044
745,151.1908341,1,1,1,2,2,15.44104795
746,180,1,1,1,1,0,28.98501086
747,5.8,1,0,1,1,0,0.896067161
748,151.1908341,1,0,1,1,0,3.946521162
749,183,1,0,1,3,0,9.975348681
750,178,0,0,1,1,0,45.89343313
751,180,0,0,1,1,0,3.040366234
752,183,0,0,1,2,0,2.197963027
753,151.1908341,0,0,1,3,0,23.1119262
754,153,0,0,1,2,0,29.19848517
755,151.1908341,1,1,1,2,2,15.44104795
756,178,1,0,1,3,0,0.896067161
757,71,0,1,1,4,0,15.44104795
758,151.1908341,1,1,1,2,2,15.44104795
759,151.1908341,0,0,1,3,0,15.44104795
760,168,0,0,1,3,0,11.16385932
761,180,1,0,1,1,0,0.896067161
762,182.88,2,1,1,3,0,22.52412786
763,5.66,2,2,1,3,0,2.298108863
764,151.1908341,1,1,1,2,2,15.44104795
765,151.1908341,1,1,1,4,2,15.44104795
766,151.1908341,1,1,1,4,2,15.44104795
767,72,1,1,1,0,0,2.035226044
768,153,0,0,1,2,0,2.718721373
769,125,0,1,1,2,0,9.66734158
770,191,0,0,1,1,0,29.19848517
771,167,0,0,1,3,0,29.59348894
772,178,0,0,1,4,0,0.896067161
773,168,0,0,1,4,0,0.896067161
774,151.1908341,0,2,1,3,0,15.44104795
775,151.1908341,1,1,1,2,2,15.44104795
776,5.8,0,0,1,0,0,3.133260057
777,168,1,1,1,3,0,2.111169969
778,178,0,0,1,1,0,44.53796313
779,172,1,1,1,2,0,12.7613346
780,162,1,0,1,1,1,13.09135671
781,170,0,0,1,1,0,15.44104795
782,184,0,0,1,0,0,27.32965018
783,66,0,0,1,2,0,2.111169969
784,175,2,2,1,0,0,3.326272777
785,5.6,0,0,1,0,0,4.592315512
786,163,1,1,1,3,0,0.896067161
787,6,1,1,1,1,0,0.896067161
788,172.72,1,1,1,2,0,0.896067161
789,160,2,0,1,1,0,7.290449987
790,168,0,0,1,1,0,15.44104795
791,176,0,0,1,2,0,15.44104795
792,177,1,0,1,0,0,12.03327569
793,188,0,0,1,1,0,9.619591298
794,151.1908341,0,0,1,2,1,15.75617769
795,151.1908341,1,1,1,2,2,15.44104795
796,5.11,0,0,1,1,0,15.44104795
797,151.1908341,1,1,1,2,2,15.44104795
798,170,1,0,1,1,0,2.553025536
799,167,2,2,1,2,2,14.12950706
800,180,0,0,1,3,0,8.920558603
801,151.1908341,0,0,1,1,0,15.44104795
802,176,0,0,1,1,0,15.44104795
803,188,0,0,1,1,0,26.22037621
804,167,1,1,1,1,0,0.896067161
805,151.1908341,1,1,1,3,0,2.298108863
806,151.1908341,0,0,1,1,0,8.179052991
807,151.1908341,1,1,1,2,2,15.44104795
808,5.6,1,2,1,3,0,29.55819578
809,160,2,1,1,2,0,1.688525514
810,151.1908341,1,1,1,2,2,15.44104795
811,170,0,0,1,3,0,7.570424467
812,151.1908341,1,1,1,2,2,15.44104795
813,173,0,0,1,1,0,23.03397527
814,151.1908341,2,2,1,0,0,9.282002539
815,5,0,0,1,0,0,6.610815572
816,186,1,2,1,0,0,29.19848517
817,151.1908341,0,0,1,1,0,23.29636373
818,151.1908341,1,1,1,2,2,15.48371782
819,179,0,0,1,3,0,2.523653732
820,151.1908341,0,0,1,4,2,17.64228755
821,151.1908341,0,0,1,1,0,15.48371782
822,177,2,1,1,3,0,7.613094332
823,182,0,0,1,0,0,23.7150672
824,151.1908341,1,1,1,2,2,15.48371782
825,172.72,1,1,1,3,2,7.613094332
826,175,0,0,1,1,0,0.938737026
827,151.1908341,1,1,1,2,2,15.48371782
828,151.1908341,0,1,1,2,0,2.077895908
829,151.1908341,1,1,1,2,2,15.48371782
830,174,0,2,1,2,0,9.290136981
831,157,1,0,1,2,1,10.9606447
832,174,0,0,1,1,0,0.938737026
833,70,0,0,1,0,0,44.12443508
834,151.1908341,0,1,1,0,0,7.613094332
835,169,0,0,1,1,0,0.938737026
836,175,1,0,1,0,0,22.85614021
837,174,1,1,1,2,0,8.877525997
838,151.1908341,1,1,1,2,2,15.48371782
839,5.6,0,0,1,2,0,24.14208593
840,5.11,0,0,1,2,0,17.13727087
841,5.4,0,0,1,0,0,22.91145383
842,168,0,2,1,4,0,15.48371782
843,172,2,0,1,3,0,24.20080066
844,172,2,0,1,0,0,26.85736111
845,172,2,0,1,1,0,24.33370487
846,151.1908341,2,1,1,0,0,15.48371782
847,169,1,1,1,0,0,12.92422231
848,180.34,1,1,1,1,0,44.64670978
849,178,1,0,1,2,0,21.28868612
850,151.1908341,0,0,1,3,0,15.48371782
851,151.1908341,1,1,1,3,1,43.65844947
852,151.1908341,1,1,1,2,2,15.48371782
853,151.1908341,1,1,1,2,2,15.48371782
854,178,0,0,1,2,0,23.22578739
855,182,0,0,1,2,0,24.00301725
856,173,0,0,1,4,0,25.52546289
857,151.1908341,1,1,1,2,0,22.71140551
858,162,1,1,1,0,0,15.77715021
859,151.1908341,0,0,1,4,0,13.01831077
860,151.1908341,1,1,1,2,2,15.48371782
861,151.1908341,1,1,1,2,2,15.48371782
862,5.7,1,1,1,3,0,26.18108451
863,188,0,0,1,0,2,24.724443
864,5.7,1,1,1,4,2,49.8765069
865,164,0,2,1,4,0,53.73596013
866,180,0,0,1,2,0,18.65388796
867,180.34,0,0,1,2,0,22.99425613
868,175,0,0,1,2,0,32.45905917
869,174,1,0,1,1,0,22.56126015
870,5.6,2,0,1,1,0,46.19817096
871,151.1908341,1,1,1,2,2,15.53065467
872,185,1,1,1,2,0,24.07617902
873,172,1,2,1,2,0,30.04094042
874,160,0,0,1,2,0,30.9608172
875,1.7,2,2,1,0,0,26.1561829
876,151.1908341,1,1,1,2,2,18.65388796
877,151.1908341,1,1,1,2,2,15.53065467
878,140,0,0,1,4,0,18.65388796
879,176,1,0,1,0,0,48.19171994
880,178,1,0,1,1,0,50.79803932
881,176,1,1,1,4,0,27.49476061
882,181,1,1,1,4,0,30.17949478
883,167,0,0,1,2,0,46.46212802
884,171,0,0,1,2,0,26.02674061
885,151.1908341,1,0,1,3,2,23.72955041
886,177,0,0,1,0,0,46.36748519
887,6.1,0,0,1,2,0,25.90458646
888,179,1,1,1,2,0,24.07494177
889,165,0,0,1,0,0,46.32554533
890,167.64,1,0,1,2,0,21.46316594
891,151.1908341,0,0,1,3,0,30.27154356
892,151.1908341,1,1,1,2,2,15.53065467
893,170,1,0,1,4,2,42.62859527
894,168,1,1,1,2,0,32.74511221
895,151.1908341,1,1,1,2,0,11.54131171
896,151.1908341,0,0,1,2,0,30.20901168
897,151.1908341,0,0,1,1,0,22.51483451
898,5.11,1,2,1,1,0,24.01422374
899,163,1,0,1,1,0,24.15529482
900,151.1908341,1,1,1,2,0,31.40849932
901,151.1908341,1,1,1,2,0,29.58680927
902,151.1908341,1,1,1,2,2,15.53065467
903,151.1908341,1,1,1,2,2,37.15871537
904,151.1908341,1,1,1,2,2,15.53065467
905,151.1908341,1,1,1,2,2,15.53065467
906,151.1908341,1,1,1,2,0,18.65388796
907,151.1908341,1,1,1,2,0,26.90781365
908,151.1908341,1,1,1,2,0,31.74689551
909,151.1908341,1,1,1,2,0,31.1375569
910,151.1908341,1,1,1,2,0,25.42081829
911,151.1908341,1,1,1,2,0,17.48977045
912,151.1908341,1,1,1,2,2,15.53065467
913,151.1908341,1,1,1,2,0,26.64772336
914,151.1908341,1,1,1,2,2,15.53065467
915,151.1908341,1,1,1,2,1,18.25893321
916,5.9,1,0,1,0,0,27.75463807
917,151.1908341,1,1,1,2,1,30.18295064
918,169,1,0,1,2,0,49.58167073
919,151.1908341,1,1,1,2,2,18.70576553
920,151.1908341,1,1,1,2,1,33.76955247
921,151.1908341,1,1,1,2,0,31.86494354
922,151.1908341,1,1,1,2,0,33.54355729
923,151.1908341,1,1,1,2,1,27.42616302
924,151.1908341,1,1,1,2,1,41.84310231
925,151.1908341,1,1,1,2,0,55.93383701
926,151.1908341,1,1,1,2,1,41.28518965
927,151.1908341,1,1,1,2,0,15.58253224
928,183,1,1,1,2,0,31.64023986
929,151.1908341,1,1,1,2,0,18.70576553
930,151.1908341,1,1,1,2,1,38.08491108
931,151.1908341,1,1,1,2,0,46.51094765
932,151.1908341,1,2,1,2,0,24.07977836
933,151.1908341,1,1,1,2,2,15.58253224
934,151.1908341,1,1,1,2,1,27.75660009
935,151.1908341,1,1,1,2,1,44.33190914
936,151.1908341,1,1,1,2,1,25.10853496
937,151.1908341,1,1,1,2,1,54.62445981
938,151.1908341,1,1,1,2,0,36.81466043
939,151.1908341,0,0,1,3,1,39.64995936
940,151.1908341,1,1,1,3,1,33.97375957
941,151.1908341,1,1,1,2,0,30.72960503
942,151.1908341,1,1,1,2,0,18.70576553
943,151.1908341,1,1,1,2,0,16.14422491
944,151.1908341,1,1,1,2,0,10.36642657
945,151.1908341,1,1,1,2,0,43.24667547
946,151.1908341,1,1,1,2,2,15.58253224
947,151.1908341,1,1,1,2,0,52.48742115
948,175,1,1,1,0,0,24.34099281
949,151.1908341,1,1,1,2,1,33.13404363
950,151.1908341,1,1,1,2,1,56.954372
951,151.1908341,1,1,1,2,2,15.58253224
952,166,0,0,1,0,0,45.49788209
953,151.1908341,0,0,1,2,0,26.05922
954,151.1908341,1,1,1,2,0,46.58807249
955,180,1,0,1,1,0,46.40702935
956,158,1,1,1,4,0,24.96022457
957,151.1908341,1,1,1,2,0,31.04900821
958,151.1908341,1,1,1,2,0,23.34841899
959,151.1908341,1,1,1,2,0,16.93754382
960,157,0,0,1,2,0,49.43729067
961,151.1908341,1,1,1,2,1,29.25485027
962,170,1,0,1,2,0,25.41064741
963,179,1,0,1,0,0,46.22599142
964,151.1908341,1,1,1,2,1,15.58253224
965,151.1908341,1,1,1,2,1,66.33926995
966,160,0,0,1,3,1,57.77515151
967,180,0,0,1,1,0,28.57998931
968,151.1908341,1,1,1,2,0,18.70576553
969,151.1908341,1,1,1,2,1,51.30618086
970,151.1908341,1,1,1,2,0,43.96342425
971,157,1,0,1,4,1,50.56325808
972,182,1,0,1,0,0,25.53854006
973,180,1,1,1,2,0,48.57943115
974,151.1908341,1,1,1,2,2,15.58253224
975,151.1908341,1,1,1,2,1,27.98147815
976,151.1908341,1,1,1,2,1,15.58253224
977,151.1908341,1,1,1,2,0,29.85076082
978,151.1908341,1,1,1,2,1,36.93367262
979,151.1908341,0,0,1,2,0,46.57695801
980,151.1908341,1,1,1,2,0,49.8111819
981,151.1908341,1,0,1,2,1,27.65815003
982,177,0,0,1,1,0,48.83360713
983,151.1908341,1,1,1,2,2,15.58253224
984,160,0,0,1,2,1,54.53735506
985,151.1908341,1,1,1,2,0,18.80390456
986,151.1908341,1,1,1,2,0,20.10895475
987,173,1,1,1,2,0,24.78912014
988,151.1908341,1,1,1,2,0,18.70576553
989,151.1908341,1,1,1,2,2,18.70576553
990,151.1908341,0,0,1,0,0,27.0071764
991,151.1908341,1,1,1,2,2,42.03388632
992,151.1908341,1,1,1,2,0,31.07734797
993,180,0,0,1,1,0,53.03158592
994,175,0,0,1,2,0,56.56104619
995,169,0,1,1,1,1,55.07450899
996,151.1908341,1,1,1,2,0,18.70576553
997,151.1908341,1,1,1,2,0,24.32814154
998,170,1,1,1,2,1,61.10753587
999,151.1908341,1,1,1,2,2,15.58253224
1000,151.1908341,1,1,1,2,2,15.58253224
1001,151.1908341,1,1,1,2,1,62.99798723
1002,151.1908341,1,1,1,2,2,15.58253224
1003,151.1908341,1,1,1,2,0,18.70576553
1004,151.1908341,1,1,1,2,0,31.2862702
1005,177,0,0,1,1,0,25.7014725
1006,151.1908341,1,1,1,2,1,35.79330169
1007,151.1908341,1,1,1,2,0,15.58253224
1008,178,1,0,1,3,0,31.20280027
1009,151.1908341,1,1,1,2,0,13.52853092
1010,151.1908341,1,1,1,2,2,15.58253224
1011,172,1,0,1,2,0,16.76492999
1012,151.1908341,1,1,1,2,2,15.58253224
1013,151.1908341,1,0,1,0,0,24.90568131
1014,151.1908341,1,1,1,2,2,18.70576553
1015,151.1908341,1,1,1,2,0,22.2399808
1016,180,1,1,1,4,0,46.06752316
1017,151.1908341,1,1,1,2,1,42.91312803
1018,151.1908341,0,0,1,2,0,48.09085836
1019,151.1908341,1,1,1,2,0,18.70576553
1020,151.1908341,1,1,1,2,0,18.70576553
1021,151.1908341,1,1,1,2,1,19.55471563
1022,151.1908341,1,1,1,1,1,37.2259113
1023,151.1908341,1,1,1,2,0,31.53902874
1024,162.56,0,0,1,1,1,62.67551723
1025,151.1908341,1,1,1,2,0,21.20790602
1026,151.1908341,1,1,1,2,0,18.70576553
1027,170,0,0,1,2,0,46.51012118
1028,151.1908341,1,1,1,2,0,18.70576553
1029,175,0,0,1,1,0,31.5491711
1030,151.1908341,1,1,1,2,0,26.21710729
1031,151.1908341,1,1,1,2,1,61.93889976
1032,177,0,0,1,1,0,46.19954287
1033,151.1908341,1,1,1,2,0,30.982166
1034,151.1908341,1,1,1,2,1,15.58253224
1035,151.1908341,1,1,1,2,1,31.13958888
1036,151.1908341,1,1,1,2,1,36.99439625
1037,151.1908341,1,1,1,2,1,41.64509927
1038,151.1908341,1,1,1,2,0,25.17870085
1039,151.1908341,1,1,1,2,0,18.70576553
1040,151.1908341,1,1,1,2,0,26.68498556
1041,181,0,0,1,2,0,31.07353431
1042,151.1908341,0,0,1,2,0,28.23238042
1043,151.1908341,1,1,1,2,2,18.70576553
1044,151.1908341,1,1,1,2,2,15.58253224
1045,151.1908341,1,1,1,2,2,15.58253224
1046,151.1908341,1,1,1,2,0,18.70576553
1047,151.1908341,1,1,1,2,1,56.96050161
1048,151.1908341,1,1,1,2,0,14.99055672
1049,165,0,0,1,2,1,40.0366827
1050,179,0,0,1,4,0,38.28587565
1051,151.1908341,1,1,1,2,2,15.58253224
1052,172,2,2,1,1,0,21.11302177
1053,151.1908341,1,1,1,2,0,24.53903512
1054,151.1908341,1,1,1,2,2,65.97977954
1055,151.1908341,1,1,1,2,0,26.25110334
1056,151.1908341,1,1,1,2,0,32.92780689
1057,151.1908341,1,1,1,2,0,24.69606316
1058,151.1908341,1,1,1,2,0,24.85175415
1059,151.1908341,1,1,1,2,0,30.84672948
1060,151.1908341,1,1,1,2,1,18.76340728
1061,160.02,0,0,1,1,0,45.17495829
1062,151.1908341,1,1,1,2,1,43.83379894
1063,151.1908341,1,1,1,1,0,24.41677986
1064,151.1908341,1,1,1,2,1,33.71275773
1065,188,1,2,1,2,0,24.12992404
1066,178,1,1,1,3,0,12.37108406
1067,151.1908341,1,1,1,2,1,37.84292371
1068,168,1,1,1,1,0,28.35296374
1069,172.7,1,0,1,0,0,46.19936302
1070,151.1908341,1,1,1,2,0,13.28856678
1071,210,1,1,1,1,0,29.1923713
1072,151.1908341,1,1,1,2,2,15.64017399
1073,151.1908341,1,1,1,2,0,25.14886047
1074,151.1908341,1,1,1,2,2,18.76340728
1075,151.1908341,1,1,1,2,0,20.64916875
1076,151.1908341,1,1,1,2,0,23.2454487
1077,151.1908341,1,1,1,2,0,17.53403659
1078,151.1908341,1,1,1,2,0,22.3843468
1079,151.1908341,1,1,1,2,1,63.56550451
1080,158,0,0,1,2,2,49.96071411
1081,151.1908341,1,1,1,2,2,15.64017399
1082,151.1908341,1,1,1,2,2,37.02739585
1083,173,1,0,1,2,0,20.28007271
1084,151.1908341,1,1,1,2,1,15.64017399
1085,151.1908341,1,1,1,2,0,27.17461656
1086,151.1908341,1,1,1,2,0,22.38177071
1087,151.1908341,1,1,1,2,0,28.97394501
1088,151.1908341,1,1,1,2,2,15.64017399
1089,151.1908341,1,1,1,2,2,15.64017399
1090,151.1908341,1,1,1,2,1,15.64017399
1091,151.1908341,1,1,1,2,2,15.64017399
1092,151.1908341,1,1,1,2,0,24.56580222
1093,151.1908341,1,1,1,2,0,28.88546825
1094,151.1908341,1,1,1,2,0,9.102481035
1095,151.1908341,1,1,1,2,0,24.55422358
1096,176,1,0,1,2,0,23.73464477
1097,151.1908341,1,1,1,2,1,15.64017399
1098,151.1908341,1,1,1,2,1,53.30673247
1099,173,0,0,1,4,1,29.96286741
1100,151.1908341,1,1,1,2,1,15.64017399
1101,151.1908341,1,1,1,2,2,15.64017399
1102,151.1908341,1,1,1,2,2,15.64017399
1103,151.1908341,1,1,1,2,2,15.64017399
1104,151.1908341,1,1,1,2,2,15.64017399
1105,151.1908341,1,1,1,2,2,15.64017399
1106,176,1,0,1,2,0,27.13799189
1107,180,1,1,1,4,0,23.68157551
1108,151.1908341,1,1,1,2,2,15.64017399
1109,151.1908341,1,1,1,2,0,25.5024009
1110,151.1908341,1,1,1,2,2,15.70459712
1111,151.1908341,1,1,1,2,0,31.07689777
1112,171,0,1,1,1,0,17.73138611
1113,151.1908341,1,1,1,2,0,23.23953857
1114,151.1908341,1,1,1,2,0,14.24480021
1115,151.1908341,1,1,1,2,0,24.1092588
1116,151.1908341,0,0,1,3,0,23.81686721
1117,151.1908341,1,1,1,2,0,15.70459712
1118,176,0,0,1,3,0,25.20996712
1119,151.1908341,1,1,1,2,0,19.40456335
1120,151.1908341,1,1,1,2,1,15.70459712
1121,151.1908341,1,1,1,2,0,26.44482279
1122,151.1908341,1,1,1,2,0,28.5249882
1123,151.1908341,1,1,1,2,2,15.70459712
1124,151.1908341,1,1,1,2,2,40.38598347
1125,151.1908341,1,1,1,2,2,15.70459712
1126,183,1,1,1,2,0,23.85973403
1127,151.1908341,1,1,1,2,0,15.70459712
1128,151.1908341,1,1,1,2,2,15.70459712
1129,151.1908341,1,1,1,2,2,15.70459712
1130,5.9,2,0,1,4,0,24.9351461
1131,151.1908341,1,1,1,2,0,24.19576968
1132,151.1908341,1,1,1,2,2,15.70459712
1133,160,2,0,1,0,1,38.40162056
1134,151.1908341,1,1,1,2,0,25.45079611
1135,170,1,1,1,2,0,45.5123509
1136,165,0,0,1,2,0,47.49620326
1137,151.1908341,1,1,1,2,2,15.77707314
1138,151.1908341,1,1,1,2,1,26.41855638
1139,151.1908341,1,1,1,2,2,32.64987863
1140,151.1908341,1,1,1,2,1,25.8174704
1141,151.1908341,1,1,1,2,2,15.77707314
1142,151.1908341,1,1,1,2,1,26.92407501
1143,151.1908341,1,1,1,2,2,15.77707314
1144,151.1908341,1,1,1,2,2,15.77707314
1145,152,0,0,1,4,0,30.45770555
1146,151.1908341,1,1,1,2,2,15.77707314
1147,151.1908341,1,1,1,2,0,20.45789576
1148,151.1908341,1,1,1,2,1,28.59219633
1149,151.1908341,1,1,1,2,0,15.77707314
1150,151.1908341,1,1,1,2,1,40.23027832
1151,151.1908341,1,1,1,3,1,18.13693186
1152,151.1908341,1,1,1,2,1,37.73742955
1153,151.1908341,1,1,1,2,1,38.10318979
1154,151.1908341,1,1,1,2,1,15.77707314
1155,151.1908341,1,1,1,2,3,30.38031449
1156,151.1908341,1,1,1,2,2,38.68080169
1157,151.1908341,1,1,1,2,1,40.58317564
1158,172,0,0,1,4,1,38.7619177
1159,151.1908341,1,1,1,2,2,15.77707314
1160,151.1908341,0,0,1,2,0,44.31248859
1161,151.1908341,1,1,1,2,2,15.77707314
1162,177,0,0,1,1,0,46.85550282
1163,151.1908341,1,1,1,2,0,23.88186736
1164,151.1908341,1,1,1,2,0,49.59527134
1165,151.1908341,1,1,1,2,2,15.77707314
1166,151.1908341,1,1,1,2,1,33.26987898
1167,151.1908341,1,1,1,2,2,15.77707314
1168,151.1908341,1,1,1,2,1,40.40181509
1169,151.1908341,1,1,1,2,1,43.94154089
1170,151.1908341,1,1,1,2,2,15.77707314
1171,151.1908341,1,1,1,2,2,15.77707314
1172,151.1908341,1,1,1,2,1,47.80310287
1173,159,0,0,1,3,1,39.84670762
1174,151.1908341,1,1,1,2,1,21.45323642
1175,158,0,0,1,3,1,61.87442328
1176,151.1908341,1,1,1,2,2,15.77707314
1177,151.1908341,1,1,1,2,2,15.77707314
1178,151.1908341,1,1,1,2,2,42.30855978
1179,151.1908341,1,1,1,2,1,39.05742339
1180,151.1908341,1,1,1,2,0,15.77707314
1181,151.1908341,1,1,1,2,2,15.77707314
1182,151.1908341,1,1,1,2,1,34.11886878
1183,151.1908341,1,1,1,2,0,29.92041002
1184,151.1908341,1,1,1,2,2,44.62668669
1185,151.1908341,1,1,1,2,2,15.77707314
1186,151.1908341,1,1,1,2,1,40.6532464
1187,151.1908341,1,1,1,2,1,34.47826211
1188,151.1908341,1,1,1,2,1,35.29962412
1189,151.1908341,0,0,1,0,1,42.86313946
1190,151.1908341,0,0,1,2,1,23.19490469
1191,151.1908341,1,1,1,2,0,26.60834197
1192,151.1908341,1,1,1,2,0,38.08536372
1193,151.1908341,1,1,1,2,0,15.77707314
1194,151.1908341,1,1,1,2,0,15.77707314
1195,167,0,0,1,2,1,15.2787026
1196,151.1908341,1,1,1,2,2,42.00782827
1197,151.1908341,1,1,1,2,2,15.77707314
1198,151.1908341,1,1,1,2,2,15.77707314
1199,151.1908341,1,1,1,2,1,45.91571532
1200,151.1908341,1,1,1,2,1,15.77707314
1201,151.1908341,1,1,1,2,1,25.46682668
1202,151.1908341,1,1,1,2,0,25.59643685
1203,167,0,0,1,2,2,34.45845419
1204,181,1,0,1,2,0,45.94153673
1205,151.1908341,1,1,1,2,0,31.73366793
1206,151.1908341,1,1,1,2,0,36.83026815
1207,185,0,0,1,4,0,28.50982444
1208,151.1908341,1,1,1,2,0,15.77707314
1209,163,0,0,1,1,0,23.70222041
1210,160,0,0,1,4,1,43.74014347
1211,175,0,0,1,4,0,29.9988085
1212,151.1908341,1,1,1,2,1,15.77707314
1213,5.9,0,0,1,1,0,24.3974711
1214,151.1908341,1,1,1,2,0,15.77707314
1215,151.1908341,1,1,1,2,0,22.77585059
1216,184,0,0,1,2,0,47.9626392
1217,151.1908341,1,1,1,2,0,19.09568187
1218,151.1908341,1,1,1,2,1,58.891288
1219,151.1908341,1,1,1,2,1,26.17823545
1220,151.1908341,1,1,1,2,1,15.77707314
1221,158,0,0,1,2,1,43.6052854
1222,170,0,0,1,1,0,23.45729168
1223,151.1908341,1,1,1,2,1,42.54420135
1224,151.1908341,1,1,1,2,1,15.77707314
1225,178,1,1,1,1,0,31.64241741
1226,151.1908341,1,1,1,2,0,28.69004799
1227,160,0,0,1,4,1,34.73485801
1228,151.1908341,1,1,1,4,0,53.77075979
1229,151.1908341,1,1,1,2,0,26.2650827
1230,151.1908341,1,1,1,2,0,28.08460783
1231,151.1908341,1,1,1,2,2,15.85921263
1232,151.1908341,1,1,1,2,2,15.85921263
1233,151.1908341,1,1,1,2,0,29.43641533
1234,151.1908341,1,1,1,2,2,15.85921263
1235,151.1908341,1,1,1,2,2,34.15549999
1236,151.1908341,0,0,1,3,1,41.1008022
1237,174,0,0,1,1,0,50.4751005
1238,151.1908341,1,1,1,2,1,35.91930375
1239,151.1908341,1,1,1,2,2,37.27653936
1240,151.1908341,1,1,1,2,0,30.16948248
1241,151.1908341,1,1,1,2,1,15.85921263
1242,151.1908341,1,1,1,2,2,15.85921263
1243,151.1908341,1,1,1,2,0,15.85921263
1244,151.1908341,1,1,1,2,1,33.01468196
1245,151.1908341,1,1,1,2,0,15.85921263
1246,151.1908341,1,1,1,2,0,15.85921263
1247,151.1908341,1,1,1,2,0,31.09233788
1248,151.1908341,1,1,1,2,0,31.99381089
1249,5.9,1,1,1,1,0,25.32238051
1250,151.1908341,1,1,1,2,1,33.04186965
1251,151.1908341,1,1,1,2,1,15.85921263
1252,151.1908341,1,1,1,2,1,33.21780876
1253,151.1908341,1,1,1,2,2,15.85921263
1254,151.1908341,1,1,1,2,1,15.85921263
1255,175,0,0,1,1,0,46.5223053
1256,178,0,0,1,3,0,32.50061266
1257,151.1908341,1,1,1,2,0,29.79421889
1258,151.1908341,1,1,1,2,1,15.85921263
1259,151.1908341,1,1,1,2,2,15.95308633
1260,151.1908341,1,1,1,2,2,15.95308633
1261,151.1908341,1,1,1,2,2,15.95308633
1262,151.1908341,0,0,1,2,1,36.66995265
1263,151.1908341,1,1,1,2,0,15.95308633
1264,151.1908341,1,1,1,2,0,28.91373306
1265,151.1908341,1,1,1,2,0,21.28540124
1266,151.1908341,1,1,1,2,0,18.40998575
1267,171,0,0,1,0,0,44.80026699
1268,151.1908341,1,1,1,2,1,15.95308633
1269,151.1908341,1,1,1,2,2,15.95308633
1270,165,1,2,1,2,0,27.54650612
1271,151.1908341,1,1,1,2,0,30.69219472
1272,183,1,1,1,2,0,45.47555275
1273,151.1908341,1,1,1,2,0,21.47852402
1274,174,0,0,1,1,0,31.86035235
1275,151.1908341,1,1,1,2,2,16.06140214
1276,151.1908341,1,1,1,2,1,60.14422969
1277,151.1908341,1,1,1,2,1,40.50495122
1278,151.1908341,1,1,1,2,2,16.06140214
1279,151.1908341,1,1,1,2,2,16.06140214
1280,151.1908341,1,1,1,2,2,16.06140214
1281,151.1908341,1,1,1,2,0,17.49961194
1282,151.1908341,1,1,1,2,0,16.18777058
1283,151.1908341,1,1,1,2,1,16.18777058
1284,165,0,0,1,1,0,46.38891479
1285,151.1908341,1,1,1,2,1,16.18777058
1286,151.1908341,1,1,1,2,0,30.33222562
1287,151.1908341,1,1,1,2,2,16.18777058
1288,151.1908341,1,1,1,2,1,16.18777058
1289,151.1908341,1,1,1,2,2,16.18777058
1290,151.1908341,0,0,1,0,1,67.67303109
1291,151.1908341,1,1,1,2,2,21.29009499
1292,151.1908341,0,0,1,2,0,25.97948989
1293,151.1908341,1,1,1,2,0,24.29261969
1294,151.1908341,1,1,1,2,2,16.18777058
1295,151.1908341,1,1,1,2,0,30.62309165
1296,151.1908341,1,1,1,2,2,16.33711511
1297,151.1908341,1,1,1,2,0,25.79609195
1298,180,0,0,1,3,0,25.21350115
1299,167.64,1,0,1,2,0,48.49291059
1300,172,1,2,1,0,0,47.29879773
1301,151.1908341,1,1,1,2,0,49.82660342
1302,151.1908341,1,1,1,2,0,32.45541208
1303,151.1908341,1,1,1,2,0,19.06413383
1304,151.1908341,1,1,1,2,0,47.0670454
1305,151.1908341,1,0,1,0,0,32.14843075
1306,151.1908341,1,1,1,2,0,22.88397835
1307,151.1908341,1,1,1,2,0,31.27519399
1308,151.1908341,1,1,1,2,2,16.51632854
1309,151.1908341,1,1,1,2,2,44.38410952
1310,151.1908341,1,1,1,2,0,26.01991528
1311,151.1908341,1,1,1,2,0,53.37078758
1312,175,1,2,1,0,0,25.99777249
1313,151.1908341,1,1,1,2,3,30.61660815
1314,151.1908341,1,1,1,2,2,16.51632854
1315,151.1908341,1,1,1,2,0,47.2112484
1316,151.1908341,1,1,1,2,0,23.33335715
1317,165,0,0,1,2,0,46.52527966
1318,151.1908341,1,1,1,2,0,24.92243738
1319,151.1908341,1,1,1,2,0,31.79951505
1320,151.1908341,1,1,1,2,1,24.7644756
1321,151.1908341,1,1,1,2,0,16.73536718
1322,175,1,2,1,2,0,25.43322959
1323,178,1,0,1,0,0,29.96962984
1324,151.1908341,1,1,1,2,2,16.73536718
1325,151.1908341,1,1,1,2,0,31.61932011
1326,151.1908341,1,1,1,2,0,32.53226938
1327,151.1908341,1,1,1,2,2,16.73536718
1328,151.1908341,1,1,1,2,2,16.73536718
1329,173,0,0,1,1,0,23.98197843
1330,151.1908341,1,1,1,2,0,16.73536718
1331,151.1908341,1,1,1,2,0,31.23329242
1332,151.1908341,1,1,1,2,0,34.55312882
1333,151.1908341,1,1,1,2,0,23.85920754
1334,151.1908341,1,1,1,2,0,17.00916548
1335,151.1908341,1,1,1,2,2,17.00916548
1336,170,2,2,1,0,1,45.00826635
1337,158,0,0,1,2,1,61.05829161
1338,151.1908341,0,0,1,4,1,42.9599313
1339,180,0,0,1,0,0,54.51551395
1340,176,0,0,1,2,0,46.25631784
1341,168,0,0,1,2,0,43.67215621
1342,151.1908341,1,1,1,2,2,37.3033799
1343,180,1,0,1,2,0,55.27048771
1344,151.1908341,1,1,1,2,2,17.00916548
1345,151.1908341,1,1,1,2,0,29.89600008
1346,151.1908341,1,1,1,2,0,30.65270178
1347,151.1908341,1,1,1,2,0,16.04980868
1348,186,1,1,1,4,0,19.03001983
1349,151.1908341,1,1,1,2,0,26.65508643
1350,151.1908341,1,1,1,2,2,47.96671489
1351,151.1908341,1,1,1,2,0,30.92579482
1352,151.1908341,0,0,1,2,0,15.42695348
1353,170,0,0,1,3,0,25.57723184
1354,151.1908341,1,1,1,2,0,33.61479066
1355,151.1908341,1,1,1,2,0,32.03407169
1356,151.1908341,1,1,1,2,0,17.83056038
1357,152,0,0,1,1,2,38.82832899
1358,151.1908341,1,1,1,2,2,34.29577361
1359,151.1908341,1,1,1,2,0,31.46872278
1360,151.1908341,1,1,1,2,0,24.99879058
1361,151.1908341,1,1,1,2,1,49.56053636
1362,151.1908341,1,1,1,2,2,17.83056038
1363,151.1908341,1,1,1,2,1,18.4876763
1364,151.1908341,1,1,1,2,2,18.4876763
1365,151.1908341,1,1,1,2,2,18.4876763
1366,151.1908341,1,1,1,2,0,29.9156842
1367,178,1,2,1,2,0,54.59475111
1368,151.1908341,1,1,1,2,0,32.81260427
1369,182,1,1,1,3,0,31.28927566
1370,151.1908341,1,1,1,2,1,24.39236413
1371,151.1908341,0,0,1,1,1,38.6707076
1372,151.1908341,1,1,1,2,2,18.4876763
1373,151.1908341,1,1,1,2,0,25.49224061
1374,151.1908341,1,1,1,2,2,18.4876763
1375,150,0,0,1,1,1,59.63666037
1376,151.1908341,1,1,1,2,0,31.29442232
1377,151.1908341,1,1,1,2,0,33.07853375
1378,151.1908341,1,1,1,2,2,19.47335017
1379,151.1908341,1,1,1,2,2,19.47335017
1380,151.1908341,1,1,1,2,0,41.48412555
1381,151.1908341,1,1,1,2,2,19.47335017
1382,151.1908341,1,1,1,2,1,41.25652104
1383,151.1908341,1,1,1,2,1,50.05760056
1384,151.1908341,1,1,1,2,2,19.47335017
1385,151.1908341,1,1,1,2,0,33.61117436
1386,151.1908341,1,1,1,2,0,19.47335017
1387,151.1908341,1,1,1,2,0,30.440218
1388,151.1908341,1,1,1,2,0,19.47335017
1389,151.1908341,1,1,1,2,0,38.57171641
1390,151.1908341,1,1,1,2,0,37.56258331
1391,175,1,1,1,2,0,32.44793396
1392,151.1908341,1,1,1,2,2,21.11613997
1393,151.1908341,1,1,1,2,0,27.30251449
1394,151.1908341,1,1,1,2,2,21.11613997
1395,157,0,0,1,1,1,35.46834394
1396,151.1908341,1,1,1,2,0,35.44780144
1397,151.1908341,1,1,1,2,0,36.29039645
1398,151.1908341,1,1,1,2,0,24.40171956
1399,151.1908341,1,1,1,2,0,49.92884812
1400,151.1908341,1,1,1,2,0,35.76301703
1401,151.1908341,0,1,1,2,0,51.49483116
1402,151.1908341,1,1,1,2,0,36.39153484
1403,151.1908341,1,1,1,2,0,24.40171956
1404,151.1908341,1,1,1,2,0,46.53672037
